userId,movieId,rating,prediction
1,1,2,2.0127134
2,1,4,4.0069914
0,1,5,4.7319183
3,3,5,4.730774
2,3,3,2.9880555
0,3,4,3.9975948
1,2,2,2.0628223
3,2,2,2.0547144
2,2,4,3.6730964
1,0,5,4.672796
3,0,2,2.0011797
2,0,3,2.9505033
0,0,2,2.0347836